{
    "overall": {
        "precision": 0.22613594348985191,
        "recall": 0.16923076923076924,
        "f1-score": 0.18387308496477053,
        "accuracy": 0.16923076923076924,
        "confusion_matrix": {
            "0_0": 12,
            "0_1": 56,
            "0_2": 0,
            "1_0": 45,
            "1_1": 6,
            "1_2": 0,
            "2_0": 2,
            "2_1": 5,
            "2_2": 4
        }
    },
    "False": {
        "precision": 0.16387641214100993,
        "recall": 0.13924050632911392,
        "f1-score": 0.14409197287278566,
        "accuracy": 0.13924050632911392,
        "confusion_matrix": {
            "0_0": 7,
            "0_1": 40,
            "0_2": 0,
            "1_0": 24,
            "1_1": 4,
            "1_2": 0,
            "2_0": 0,
            "2_1": 4,
            "2_2": 0
        }
    },
    "True": {
        "precision": 0.2582559339525284,
        "recall": 0.21568627450980393,
        "f1-score": 0.22680587386469742,
        "accuracy": 0.21568627450980393,
        "confusion_matrix": {
            "0_0": 5,
            "0_1": 16,
            "0_2": 0,
            "1_0": 21,
            "1_1": 2,
            "1_2": 0,
            "2_0": 2,
            "2_1": 1,
            "2_2": 4
        }
    }
}